{"client_meta":{"background_color":{"r":0.8980392217636108,"g":0.8980392217636108,"b":0.8980392217636108,"a":1},"thumbnail_size":{"width":269,"height":400},"render_coordinates":{"x":-3406,"y":-1979,"width":3811,"height":5677}},"file_name":"Lagoona"}